项目名称,级别,类别,地区,采集时间,近3月播放量(万),近3月销售额(万),IP授权次数
京绣,国家级,传统技艺,北京市房山区，河北省定兴县,2026-10-05,113,94,8
苏绣,国家级,传统技艺,江苏省苏州市,2026-10-05,444,53,0
无锡精微绣,国家级,传统技艺,江苏省无锡市,2026-10-05,371,139,9
南通仿真绣,国家级,传统技艺,江苏省南通市,2026-10-05,330,25,1
扬州刺绣,国家级,传统技艺,江苏省扬州市,2026-10-05,467,79,4
上海绒绣,国家级,传统技艺,上海市浦东新区,2026-10-05,481,186,4
顾绣,国家级,传统技艺,上海市松江区,2026-10-05,462,196,1
蜀绣,国家级,传统技艺,重庆市渝中区，四川省成都市,2026-10-05,180,51,5
汴绣,国家级,传统技艺,河南省开封市,2026-10-05,106,78,2
汉绣,国家级,传统技艺,湖北省武汉市江汉区,2026-10-05,238,113,9
湘绣,国家级,传统技艺,湖南省长沙市,2026-10-05,452,138,9
广绣,国家级,传统技艺,广东省广州市,2026-10-05,440,188,8
潮绣,国家级,传统技艺,广东省潮州市,2026-10-05,300,173,2
宁波金银彩绣,国家级,传统技艺,浙江省宁波市鄞州区,2026-10-05,116,91,10
蒙古族刺绣,国家级,传统技艺,内蒙古自治区苏尼特左旗，新疆维吾尔自治区博湖县,2026-10-05,409,30,6
满族刺绣,国家级,传统技艺,辽宁省岫岩满族自治县、锦州市古塔区，吉林省通化市，黑龙江省牡丹江市、克东县,2026-10-05,406,151,9
苗绣,国家级,传统技艺,贵州省贵阳市、凯里市、台江县、雷山县、剑河县,2026-10-05,132,138,6
羌族刺绣,国家级,传统技艺,四川省汶川县,2026-10-05,258,171,6
侗族刺绣,国家级,传统技艺,贵州省锦屏县,2026-10-05,479,76,0
彝族（撒尼）刺绣,国家级,传统技艺,云南省石林彝族自治县,2026-10-05,194,73,1
水族马尾绣,国家级,传统技艺,贵州省三都水族自治县,2026-10-05,324,69,2
瑶族刺绣,国家级,传统技艺,广东省乳源瑶族自治县,2026-10-05,454,200,3
土族盘绣,国家级,传统技艺,青海省互助土族自治县,2026-10-05,201,131,4
湟中堆绣,国家级,传统技艺,青海省湟中县,2026-10-05,395,115,9
维吾尔族刺绣,国家级,传统技艺,新疆维吾尔自治区哈密市,2026-10-05,272,115,1
柯尔克孜族刺绣,国家级,传统技艺,新疆维吾尔自治区温宿县,2026-10-05,113,103,0
锡伯族刺绣,国家级,传统技艺,"新疆维吾尔自治区,察布查尔锡伯自治县",2026-10-05,153,165,5
藏族编织、挑花刺绣工艺,国家级,传统技艺,四川省阿坝藏族羌族自治州,2026-10-05,290,187,8
高平绣活,国家级,传统技艺,山西省高平市,2026-10-05,72,190,2
夏布绣,国家级,传统技艺,江西省新余市,2026-10-05,143,114,1
红安绣活,国家级,传统技艺,湖北省红安县,2026-10-05,129,81,1
西秦刺绣,国家级,传统技艺,陕西省宝鸡市,2026-10-05,325,47,7
澄城刺绣,国家级,传统技艺,陕西省澄城县,2026-10-05,467,160,1
麻柳刺绣,国家级,传统技艺,四川省广元市,2026-10-05,351,18,10
阳新布贴,国家级,传统技艺,湖北省阳新县,2026-10-05,137,175,6
望江挑花,国家级,传统技艺,安徽省望江县,2026-10-05,96,156,4
黄梅挑花,国家级,传统技艺,湖北省黄梅县,2026-10-05,340,86,6
花瑶挑花,国家级,传统技艺,湖南省隆回县、溆浦县,2026-10-05,396,118,3
苗族挑花,国家级,传统技艺,湖南省泸溪县,2026-10-05,468,164,9
哈萨克毡绣和布绣,国家级,传统技艺,新疆生产建设兵团农六师,2026-10-05,80,25,3
徐州香包制作技艺,国家级,传统技艺,江苏省徐州市,2026-10-05,340,110,0
庆阳香包绣制技艺,国家级,传统技艺,甘肃省庆阳市,2026-10-05,317,155,10
传统棉纺织技艺,国家级,传统技艺,河北省魏县、肥乡县，新疆维吾尔自治区伽师县,2026-10-05,406,87,8
威县土布纺织技艺,国家级,传统技艺,河北省威县,2026-10-05,151,147,0
南通色织土布技艺,国家级,传统技艺,江苏省南通市,2026-10-05,486,70,3
维吾尔族帕拉孜纺织技艺,国家级,传统技艺,新疆维吾尔自治区拜城县,2026-10-05,440,157,2
傈僳族火草织布技艺,国家级,传统技艺,四川省德昌县,2026-10-05,358,22,1
乌泥泾手工棉纺织技艺,国家级,传统技艺,上海市徐汇区,2026-10-05,246,157,8
蜡染技艺,国家级,传统技艺,四川省珙县，贵州省安顺市、丹寨县、黄平县,2026-10-05,299,143,9
扎染技艺,国家级,传统技艺,四川省自贡市，云南省大理市,2026-10-05,453,78,3
香云纱染整技艺,国家级,传统技艺,广东省佛山市顺德区,2026-10-05,434,146,0
枫香印染技艺,国家级,传统技艺,贵州惠水县、麻江县,2026-10-05,390,192,7
黎族传统纺染织绣技艺,国家级,传统技艺,海南省东方市、五指山市、保亭黎族苗族自治县、乐东黎族自治县、白沙黎族自治县,2026-10-05,304,159,7
蓝印花布印染技艺,国家级,传统技艺,江苏省南通市，浙江省桐乡市，湖南省凤凰县、邵阳县,2026-10-05,335,86,9
潞绸织造技艺,国家级,传统技艺,山西省高平市,2026-10-05,390,169,1
杭州织锦技艺,国家级,传统技艺,浙江省杭州市,2026-10-05,60,51,4
杭罗织造技艺,国家级,传统技艺,浙江省杭州市,2026-10-05,172,163,3
双林绫绢织造技艺,国家级,传统技艺,浙江省湖州市,2026-10-05,294,69,6
夏布织造技艺,国家级,传统技艺,江西省万载县，重庆市荣昌区,2026-10-05,163,58,10
南京云锦木机妆花手工织造技艺,国家级,传统技艺,江苏省南京市,2026-10-05,366,80,2
蜀锦织造技艺,国家级,传统技艺,四川省成都市,2026-10-05,200,23,5
宋锦织造技艺,国家级,传统技艺,江苏省苏州市,2026-10-05,230,44,7
鲁锦织造技艺,国家级,传统技艺,山东省鄄城县、嘉祥县,2026-10-05,125,164,2
土家族织锦技艺,国家级,传统技艺,湖南省湘西土家族苗族自治州,2026-10-05,110,123,3
侗锦织造技艺,国家级,传统技艺,湖南省通道侗族自治县,2026-10-05,420,200,9
壮族织锦技艺,国家级,传统技艺,广西壮族自治区靖西县,2026-10-05,306,152,9
苗族织锦技艺,国家级,传统技艺,贵州省雷山县、麻江县、凯里市、台江县,2026-10-05,344,40,5
傣族织锦技艺,国家级,传统技艺,云南省西双版纳傣族自治州,2026-10-05,477,126,2
上党堆锦制作技艺,国家级,传统技艺,山西省长治市,2026-10-05,71,11,7
"新疆维吾尔族
艾德莱斯绸织染技艺",国家级,传统技艺,新疆维吾尔自治区洛浦县,2026-10-05,425,63,5
苏州缂丝织造技艺,国家级,传统技艺,江苏省苏州市,2026-10-05,196,16,4
维吾尔族花毡制作技艺,国家级,传统技艺,新疆维吾尔自治区柯坪县,2026-10-05,117,47,0
彝族毛纺织及擀制技艺,国家级,传统技艺,四川省昭觉县,2026-10-05,115,109,9
藏族牛羊毛编织技艺,国家级,传统技艺,四川省色达县,2026-10-05,254,50,1
阆中丝毯织造技艺,国家级,传统技艺,四川省阆中市,2026-10-05,136,143,3
维吾尔族地毯织造技艺,国家级,传统技艺,新疆维吾尔自治区洛浦县,2026-10-05,108,59,9
阿拉善地毯织造技艺,国家级,传统技艺,内蒙古自治区阿拉善左旗,2026-10-05,59,25,5
加牙藏族织毯技艺,国家级,传统技艺,青海省湟中县,2026-10-05,284,134,9
天水丝毯织造技艺,国家级,传统技艺,甘肃省天水市秦州区,2026-10-05,129,58,3
藏族邦典、卡垫织造技艺,国家级,传统技艺,西藏自治区山南地区、日喀则地区,2026-10-05,290,45,5
"维吾尔族花毡、
印花布织染技艺",国家级,传统技艺,新疆维吾尔自治区吐鲁番市,2026-10-05,141,41,2
剧装戏具制作技艺,国家级,传统技艺,北京市,2026-10-05,139,47,2
蒙古族服饰制作技艺,国家级,传统技艺,内蒙古自治区，甘肃省肃北蒙古族自治县，新疆维吾尔自治区博湖县,2026-10-05,86,19,8
达斡尔族服饰制作技艺,国家级,传统技艺,内蒙古自治区呼伦贝尔市,2026-10-05,464,157,2
鄂温克族服饰制作技艺,国家级,传统技艺,内蒙古自治区陈巴尔虎旗,2026-10-05,242,49,9
朝鲜族服饰制作技艺,国家级,传统技艺,吉林省延边朝鲜族自治州,2026-10-05,431,96,4
龙凤旗袍手工制作技艺,国家级,传统技艺,上海市静安区,2026-10-05,443,184,7
畲族服饰制作技艺,国家级,传统技艺,福建省罗源县,2026-10-05,270,149,5
苗族服饰制作技艺,国家级,传统技艺,湖南省湘西土家族苗族自治州，贵州省桐梓县、安顺市西秀区、关岭布依族苗族自治县、纳雍县、剑河县、台江县、榕江县、六盘水市六枝特区、丹寨县，云南省保山市,2026-10-05,395,172,5
瑶族服饰制作技艺,国家级,传统技艺,广西壮族自治区南丹县、贺州市、龙胜各族自治县,2026-10-05,499,63,9
侗族服饰制作技艺,国家级,传统技艺,贵州省黔东南苗族侗族自治州,2026-10-05,318,184,3
黎族服饰制作技艺,国家级,传统技艺,海南省,2026-10-05,270,112,8
彝族服饰制作技艺,国家级,传统技艺,四川省昭觉县，云南省楚雄彝族自治州,2026-10-05,453,68,8
布依族服饰制作技艺,国家级,传统技艺,贵州省,2026-10-05,257,169,3
珞巴族服饰制作技艺,国家级,传统技艺,西藏自治区隆子县、米林县,2026-10-05,148,89,6
藏族服饰制作技艺,国家级,传统技艺,西藏自治区山南市措美县、林芝地区、普兰县、安多县、申扎县，青海省玉树藏族自治州、海南藏族自治州、门源回族自治县,2026-10-05,347,73,10
裕固族服饰制作技艺,国家级,传统技艺,甘肃省肃南裕固族自治县,2026-10-05,293,54,6
土族服饰制作技艺,国家级,传统技艺,青海省互助土族自治县,2026-10-05,375,187,0
维吾尔族服饰制作技艺,国家级,传统技艺,新疆维吾尔自治区于田县,2026-10-05,357,94,8
哈萨克族服饰制作技艺,国家级,传统技艺,新疆维吾尔自治区伊犁哈萨克自治州,2026-10-05,378,191,9
塔吉克族服饰制作技艺,国家级,传统技艺,新疆维吾尔自治区塔什库尔干塔吉克自治县,2026-10-05,152,11,7
柯尔克孜族服饰制作技艺,国家级,传统技艺,新疆维吾尔自治区乌恰县,2026-10-05,304,41,7
鄂伦春族狍皮制作技艺,国家级,传统技艺,内蒙古自治区鄂伦春自治旗，黑龙江省黑河市爱辉区,2026-10-05,330,15,7
赫哲族鱼皮制作技艺,国家级,传统技艺,黑龙江省,2026-10-05,448,104,9
北京风筝制作技艺,国家级,传统技艺,北京市海淀区,2026-10-05,295,188,0
天津风筝魏制作技艺,国家级,传统技艺,天津市南开区,2026-10-05,121,156,3
潍坊风筝制作技艺,国家级,传统技艺,山东省潍坊市,2026-10-05,235,21,1
拉萨风筝制作技艺,国家级,传统技艺,西藏自治区拉萨市,2026-10-05,148,99,3
南通板鹞风筝制作技艺,国家级,传统技艺,江苏省南通市,2026-10-05,328,54,4
大名草编,国家级,传统技艺,河北省大名县,2026-10-05,300,97,3
徐行草编,国家级,传统技艺,上海市嘉定区,2026-10-05,233,100,7
湖口草龙,国家级,传统技艺,江西省湖口县,2026-10-05,359,86,10
莱州草辫,国家级,传统技艺,山东省莱州市,2026-10-05,148,160,5
广宗柳编,国家级,传统技艺,河北省广宗县,2026-10-05,495,195,0
固安柳编,国家级,传统技艺,河北省固安县,2026-10-05,95,130,6
黄岗柳编,国家级,传统技艺,安徽省阜南县,2026-10-05,416,125,2
霍邱柳编,国家级,传统技艺,安徽省霍邱县,2026-10-05,72,21,8
舒席制作技艺,国家级,传统技艺,安徽省舒城县,2026-10-05,73,58,6
安溪竹藤编,国家级,传统技艺,福建省安溪县,2026-10-05,62,121,4
瑞昌竹编,国家级,传统技艺,江西省瑞昌市,2026-10-05,160,135,8
益阳小郁竹艺,国家级,传统技艺,湖南省益阳市,2026-10-05,51,62,5
毛南族花竹帽编织技艺,国家级,传统技艺,广西壮族自治区环江毛南族自治县,2026-10-05,500,94,0
梁平竹帘制作技艺,国家级,传统技艺,重庆市梁平区,2026-10-05,446,70,10
渠县刘氏竹编,国家级,传统技艺,四川省渠县,2026-10-05,72,182,5
青神竹编,国家级,传统技艺,四川省青神县,2026-10-05,66,160,6
道明竹编,国家级,传统技艺,四川省崇州市,2026-10-05,168,63,0
上海灯彩制作技艺,国家级,传统技艺,上海市黄浦区,2026-10-05,227,70,9
秦淮灯彩制作技艺,国家级,传统技艺,江苏省句容市,2026-10-05,496,183,9
泉州花灯制作技艺,国家级,传统技艺,福建省泉州市,2026-10-05,73,85,10
忠信花灯制作技艺,国家级,传统技艺,广东省连平县,2026-10-05,228,155,4
湟源排灯制作技艺,国家级,传统技艺,青海省湟源县,2026-10-05,487,173,3
麦秆剪贴,国家级,传统技艺,黑龙江省哈尔滨市，河南省清丰县，湖北省仙桃市,2026-10-05,113,153,3
北京玉雕,国家级,传统技艺,北京市,2026-10-05,475,183,4
岫岩玉雕,国家级,传统技艺,辽宁省岫岩满族自治县,2026-10-05,70,39,1
海派玉雕,国家级,传统技艺,上海市,2026-10-05,416,112,0
镇平玉雕,国家级,传统技艺,河南省镇平县,2026-10-05,194,154,0
广州玉雕,国家级,传统技艺,广东省广州市荔湾区,2026-10-05,95,67,9
曲阳石雕,国家级,传统技艺,河北省曲阳县,2026-10-05,235,104,9
煤精雕刻,国家级,传统技艺,辽宁省抚顺市,2026-10-05,101,96,2
青田石雕,国家级,传统技艺,浙江省青田县,2026-10-05,149,74,3
鸡血石雕,国家级,传统技艺,浙江省临安市,2026-10-05,386,153,4
寿山石雕,国家级,传统技艺,福建省福州市,2026-10-05,252,45,4
惠安石雕,国家级,传统技艺,福建省惠安县,2026-10-05,381,180,10
菊花石雕,国家级,传统技艺,湖南省长沙市、浏阳市,2026-10-05,483,110,5
雷州石狗雕刻,国家级,传统技艺,广东省雷州市,2026-10-05,260,125,1
富平石刻,国家级,传统技艺,陕西省富平县,2026-10-05,129,133,6
泽库和日寺石刻,国家级,传统技艺,青海省泽库县,2026-10-05,175,72,5
临夏砖雕,国家级,传统技艺,甘肃省临夏县,2026-10-05,139,129,3
山西民居砖雕,国家级,传统技艺,山西省清徐县,2026-10-05,221,68,2
固原砖雕,国家级,传统技艺,宁夏回族自治区固原市,2026-10-05,324,172,1
琥珀雕刻,国家级,传统技艺,辽宁省抚顺市,2026-10-05,370,181,9
黄杨木雕,国家级,传统技艺,上海市徐汇区,2026-10-05,192,81,7
东阳木雕,国家级,传统技艺,浙江省东阳市,2026-10-05,296,178,6
乐清黄杨木雕,国家级,传统技艺,浙江省乐清市,2026-10-05,107,188,3
莆田木雕,国家级,传统技艺,福建省莆田市,2026-10-05,151,91,9
武汉木雕船模制作技艺,国家级,传统技艺,湖北省武汉市硚口区,2026-10-05,238,93,3
通山木雕,国家级,传统技艺,湖北省通山县,2026-10-05,481,151,1
潮州木雕,国家级,传统技艺,广东省潮州市、揭阳市、汕头市,2026-10-05,453,190,3
木雕（花瑰艺术）,国家级,传统技艺,海南省澄迈县,2026-10-05,92,125,6
木雕（东固传统造像）,国家级,传统技艺,江西省吉安市青原区,2026-10-05,61,196,0
宁波朱金漆木雕,国家级,传统技艺,浙江省宁波市,2026-10-05,309,14,3
软木画制作技艺,国家级,传统技艺,福建省福州市,2026-10-05,219,104,10
大连核雕,国家级,传统技艺,辽宁省大连市西岗区,2026-10-05,239,189,4
广州榄雕,国家级,传统技艺,广东省增城市,2026-10-05,98,188,7
天津泥人张雕塑技艺,国家级,传统技艺,天津市,2026-10-05,407,25,7
浚县泥咕咕雕塑技艺,国家级,传统技艺,河南省浚县,2026-10-05,261,21,2
淮阳泥泥狗雕塑技艺,国家级,传统技艺,河南省淮阳县,2026-10-05,63,131,10
凤翔泥塑,国家级,传统技艺,陕西省凤翔县,2026-10-05,93,54,8
杨氏家庭泥塑,国家级,传统技艺,宁夏回族自治区隆德县,2026-10-05,347,82,2
瓯塑,国家级,传统技艺,浙江省温州市,2026-10-05,277,74,0
徽州三雕,国家级,传统技艺,安徽省黄山市，江西省婺源县,2026-10-05,63,183,1
木偶头雕刻,国家级,传统技艺,福建省漳州市、泉州市,2026-10-05,99,46,4
宝庆竹刻,国家级,传统技艺,湖南省邵阳市,2026-10-05,275,110,2
常州留青竹刻,国家级,传统技艺,江苏省常州市,2026-10-05,469,43,8
嘉定竹刻,国家级,传统技艺,上海市嘉定区,2026-10-05,105,39,4
徽州竹雕,国家级,传统技艺,安徽省黄山市徽州区,2026-10-05,372,92,4
莆田留青竹刻,国家级,传统技艺,福建省莆田市城厢区,2026-10-05,401,148,6
灰塑,国家级,传统技艺,广东省广州市,2026-10-05,270,41,0
海南椰雕,国家级,传统技艺,海南省海口市,2026-10-05,352,98,2
夜光杯雕,国家级,传统技艺,甘肃省酒泉市,2026-10-05,118,80,5
京作硬木家具制作技艺,国家级,传统技艺,北京市东城区,2026-10-05,338,88,10
仙游古典家具制作技艺,国家级,传统技艺,福建省仙游县,2026-10-05,434,184,3
广式硬木家具制作技艺,国家级,传统技艺,广东省广州市,2026-10-05,325,111,7
香山帮传统建筑营造技艺,国家级,传统技艺,江苏省苏州市,2026-10-05,273,90,0
石库门里弄建筑营造技艺,国家级,传统技艺,上海市黄浦区,2026-10-05,268,96,6
徽派传统民居营造技艺,国家级,传统技艺,安徽省黄山市,2026-10-05,135,44,4
闽南传统民居营造技艺,国家级,传统技艺,福建省厦门市湖里区,2026-10-05,227,16,9
庐陵传统民居营造技艺,国家级,传统技艺,江西省泰和县,2026-10-05,140,179,1
赣南客家围屋营造技艺,国家级,传统技艺,江西省龙南县,2026-10-05,426,20,0
古戏台营造技艺,国家级,传统技艺,江西省乐平市,2026-10-05,106,26,7
侗族木构建筑营造技艺,国家级,传统技艺,广西壮族自治区柳州市、三江侗族自治县，贵州省黎平县、从江县,2026-10-05,383,41,0
苗寨吊脚楼营造技艺,国家级,传统技艺,贵州省雷山县,2026-10-05,447,48,7
陕北窑洞营造技艺,国家级,传统技艺,陕西省延安市宝塔区,2026-10-05,103,16,9
古建筑修复技艺,国家级,传统技艺,甘肃省永靖县,2026-10-05,376,161,2
土家族吊脚楼营造技艺,国家级,传统技艺,重庆市，湖北省咸丰县，湖南省永顺县,2026-10-05,251,79,3
藏族碉楼营造技艺,国家级,传统技艺,青海省班玛县，四川省丹巴县,2026-10-05,348,17,9
撒拉族篱笆楼营造技艺,国家级,传统技艺,青海省循化撒拉族自治县,2026-10-05,90,139,6
景泰蓝制作技艺,国家级,传统技艺,北京市崇文区，河北省大厂回族自治县,2026-10-05,448,108,2
花丝镶嵌制作技艺,国家级,传统技艺,北京市通州区，河北省大厂回族自治县,2026-10-05,218,104,3
金银细工制作技艺,国家级,传统技艺,山西省稷山县，上海市黄浦区，江苏省南京市、扬州市江都区,2026-10-05,298,118,10
